Shot_for,,,,,,,
0.00311377,,,,,,,
0.00537882,,,,,,,
0.00672083,,,,,,,
0.01182326,,,,,,,
0.01188310,,,,,,,
0.01303796,,,,,,,
0.01422361,,,,,,,
