Shot_for,,,,,,
0.00314618,,,,,,
0.00364479,,,,,,
0.00402789,,,,,,
0.00415394,,,,,,
0.00428819,,,,,,
0.00430301,,,,,,
0.00430532,,,,,,
0.00639792,,,,,,
0.00767315,,,,,,
0.00773854,,,,,,
0.00883657,,,,,,
0.01763912,,,,,,
0.01959213,,,,,,
0.01988056,,,,,,
0.02144676,,,,,,
0.02242535,,,,,,
