Shot_against,,,,,,
0.00114329,,,,,,
0.00197188,,,,,,
0.00697303,,,,,,
0.00698681,,,,,,
0.00699942,,,,,,
0.00718403,,,,,,
0.01322593,,,,,,
0.01344537,,,,,,
0.01346458,,,,,,
0.01399907,,,,,,
0.01410336,,,,,,
0.01475174,,,,,,
0.01548356,,,,,,
0.01618924,,,,,,
0.01718056,,,,,,
0.01737141,,,,,,
0.01751030,,,,,,
0.02052512,,,,,,
0.02085185,,,,,,
0.02097789,,,,,,
0.02191840,,,,,,
0.02285498,,,,,,
0.02326910,,,,,,
0.02336678,,,,,,
